{"cameraMode":{"drawMode":0,"name":"Shaded","section":"Shading Mode"},"sceneLighting":false,"audioPlay":false,"sceneViewState":{"showFog":true,"showMaterialUpdate":false,"showSkybox":false,"showFlares":true,"showImageEffects":true,"showParticleSystems":true},"in2DMode":false,"pivot":{"x":-11.175508499145508,"y":9.227425575256348,"z":-41.899234771728519},"rotation":{"x":0.03931130841374397,"y":0.8691946864128113,"z":-0.4879048764705658,"w":0.07003273069858551},"size":0.5121647119522095,"orthographic":true}