{"cameraMode":{"drawMode":0,"name":"Shaded","section":"Shading Mode"},"sceneLighting":false,"audioPlay":false,"sceneViewState":{"showFog":true,"showMaterialUpdate":false,"showSkybox":false,"showFlares":true,"showImageEffects":true,"showParticleSystems":true},"in2DMode":false,"pivot":{"x":6.352132797241211,"y":1.9907618761062623,"z":2.7105698585510256},"rotation":{"x":-0.06472063809633255,"y":-0.8375658392906189,"z":0.10177718102931977,"w":-0.532975435256958},"size":1.4868078231811524,"orthographic":true}