{"cameraMode":{"drawMode":0,"name":"Shaded","section":"Shading Mode"},"sceneLighting":false,"audioPlay":false,"sceneViewState":{"showFog":true,"showMaterialUpdate":false,"showSkybox":false,"showFlares":true,"showImageEffects":true,"showParticleSystems":true},"in2DMode":false,"pivot":{"x":0.3233834505081177,"y":-0.7668008804321289,"z":0.090301513671875},"rotation":{"x":0.13432352244853974,"y":-0.450691282749176,"z":0.06880700588226319,"w":0.8798301815986633},"size":2.1331028938293459,"orthographic":false}