{"cameraMode":{"drawMode":0,"name":"Shaded","section":"Shading Mode"},"sceneLighting":true,"audioPlay":false,"sceneViewState":{"showFog":true,"showMaterialUpdate":false,"showSkybox":true,"showFlares":true,"showImageEffects":true,"showParticleSystems":true},"in2DMode":false,"pivot":{"x":1.3257629871368409,"y":5.044087886810303,"z":2.1578235626220705},"rotation":{"x":-0.01598500646650791,"y":-0.9712391495704651,"z":0.2278207540512085,"w":-0.06830771267414093},"size":11.528912544250489,"orthographic":true}