{"cameraMode":{"drawMode":0,"name":"Shaded","section":"Shading Mode"},"sceneLighting":false,"audioPlay":false,"sceneViewState":{"showFog":true,"showMaterialUpdate":false,"showSkybox":false,"showFlares":true,"showImageEffects":true,"showParticleSystems":true},"in2DMode":false,"pivot":{"x":7.0,"y":0.9497019052505493,"z":-0.25800514221191409},"rotation":{"x":0.005999335087835789,"y":0.993194043636322,"z":0.05966373533010483,"w":-0.09985579550266266},"size":2.160395860671997,"orthographic":true}